refseq_id	gene_id	txStart	txEnd	strand	chrom	start	end	length	abssummit	pileup	log10p	foldenrich	log10q	region
NM_001014693,NM_001014694	bt,ey	725277	741799	+	chr4	719485	795494	76010	757490	1	7.21064	1.9993	5.03221	promoter
NM_001014695,NM_001272144,NM_001272145,NM_143679	CR45123,MED26,Sox102F,fd102C	799142	808240	-	chr4	805667	876077	70411	840872	1	7.21064	1.9993	5.03221	promoter
NM_001258498,NM_166794	CR44029,unc-13	891556	914191	-	chr4	896916	916149	19234	906533	1	7.21064	1.9993	5.03221	promoter
NM_001103382,NM_001144385,NM_001169358,NM_001169359,NM_001272147,NM_001272148,NM_001272149,NM_001272150	4E-T,CR44030,CR45201,eIF4G,fuss,mGluR,sphinx,toy	935923	951341	-	chr4	948237	1012212	63976	980225	1	7.21064	1.9993	5.03221	promoter
