refseq_id	gene_id	txStart	txEnd	strand	chrom	start	end	length	abssummit	pileup	log10p	foldenrich	log10q	region
NM_001038713,NM_001103380,NM_001103381,NM_001144383,NM_001169350,NM_001169351,NM_001169352,NM_001258482,NM_001258483,NM_001258484,NM_001258485,NM_001258487,NM_001258488	CG1674,CG31999,CG32850,CR44023,CR46065,Crk,NfI,Rad23,RhoGAP102A,Syt7,Zip102B,dpr7,yellow-h	230850	233791	+	chr4	230412	345641	115230	310365	1	7.21064	1.9993	5.03221	promoter
